cty,bii_crop,n_crop,bii_urban,n_urban,bii_past,n_past,bii_plant,n_plant,bii_natural_combined,n_natural,natfor,other,bii_natfor,bii_other,natfor_capped
AFG,0.5993322552752086,571485,0.3064478282067234,5019,0.6778037225770652,1785581,0.5462526229794225,13553,0.7898598800668827,1542519,1209.44,25700.56,0.8732612274128408,0.7859351046715568,False
AGO,0.6784475074372126,485413,0.3249262758066076,5268,0.7092341001955901,2401509,0.6799438751753686,224000,0.8328470139092736,3339486,65245.01,13450.55,0.8473294667425645,0.762596520068308,False
ALB,0.6023245619299566,67716,0.3623367186893551,1994,0.6511039722308721,34814,0.5760201395992195,23709,0.6417522463661322,59248,0.0,660.8,0.7130580515179246,0.6417522463661322,False
ARG,0.6493145424051375,3663730,0.3516727330138662,104330,0.7148921061221678,6670649,0.6623094618715091,46143,0.8032008709861355,6733413,45999.272,108374.928,0.8638451746354948,0.7774606571719453,False
ARM,0.5857143330517532,49896,0.3616396088945816,6194,0.6661986970588871,87762,0.6113793177745047,1673,0.6532321337595048,43926,133.534,378.237,0.7053637869152024,0.6348274082236822,False
AUS,0.6899161775584682,6223650,0.3103729840306198,70187,0.7629370447994952,15092954,0.6564137715598386,48701,0.8434453471397124,21766047,131264.266,248591.778,0.9025088483857098,0.8122579635471389,False
AUT,0.5716004259905673,237688,0.3639072517722973,27920,0.6439030970901329,90640,0.5634460161898265,6669,0.6119744221919622,259296,2564.136,1725.8736,0.6376261634410297,0.5738635470969268,False
AZE,0.5802947831345999,184371,0.3730291699827163,27256,0.6482365251794151,170957,0.5682071666304741,65388,0.6257356765133224,116269,867.126,2312.716,0.6748153563080862,0.6073338206772776,False
BDI,0.5211364479386194,60556,0.2994619773137114,1021,0.5670193067976165,30604,0.5457245411983341,26760,0.5821414631878906,6706,166.67,185.36,0.6144975900197098,0.5530478310177389,False
BEN,0.6111600973049457,119592,0.3369003774951076,9080,0.6503954915589354,133200,0.6192029302726691,194078,0.6890143100527696,133430,3240.572,3369.7775,0.7260251076225748,0.6534225968603173,False
BFA,0.6136696282199737,230402,0.3086210743297847,2811,0.6401717910762168,593998,0.6361675813355503,270212,0.6511136488915704,327719,3711.59,9232.8318,0.7011224125614142,0.6310101713052728,False
BGD,0.5012965501657902,285414,0.3270140780580106,50685,0.5220511537372385,21465,0.4906987043202048,261438,0.635643312890648,108287,1616.032,1721.628,0.6702142272318549,0.6031928045086694,False
BGR,0.5918726903842436,377847,0.4203297982750067,31874,0.6197073643250745,101425,0.6062953228726966,47367,0.6436746607821512,211615,3138.6,1900.4,0.6689014996372954,0.6020113496735658,False
BLR,0.6084784123639823,824188,0.3909686329828766,38433,0.6402726632104437,248929,0.6198654678448705,587,0.6686856055615338,636199,6630.85,3249.48,0.6914254656902035,0.6222829191211832,False
BLT,0.6062596296094356,716299,0.3702112985820726,17265,0.6265463074493812,205929,0.5600331832062114,44,0.6506346919045436,633008,6721.554,2774.038,0.6702143025644941,0.6031928723080447,False
BLX,0.4756205377182583,102634,0.293449224040886,60031,0.5527858416843505,39550,0.4647226502865921,972,0.5396443576718941,58205,302.0,1049.145,0.585074571394771,0.5265671142552939,False
BLZ,0.6585105506080854,14691,0.4429444055526684,117,0.6606379832998854,17824,0.6637447327795163,4970,0.7851469469258368,77038,1343.878,753.822,0.8144134173997419,0.7329720756597677,False
BOL,0.6902745448792722,380979,0.3812789393289185,10130,0.7115451126969284,1838530,0.7292088208295562,16822,0.8800395839219022,3459605,55230.228,14345.5258,0.8985667456539256,0.808710071088533,False
BRA,0.6593942469860992,4747073,0.3030403274639374,189128,0.7065206853845314,14013002,0.6628661635502822,1209058,0.8886578256768488,23704235,489567.544,99920.368,0.9039806296462584,0.8135825666816325,False
BTN,0.6891770849207967,20806,0.4638910160419788,94,0.7870343854142215,23631,0.6855912581888666,5849,0.8514112494578592,179519,2688.296,585.324,0.8669116494524868,0.7802204845072381,False
BWA,0.6993744055127017,173491,0.3593331890226475,2686,0.7467894249200157,1335389,0.7512164845978541,24800,0.817860467773703,1631584,15730.2,15080.8,0.8599518025021249,0.7739566222519124,False
CAF,0.7301831246734345,168549,0.4355929242725858,1336,0.8026287099169299,79511,0.7283146454303018,69088,0.8745471268908895,2851511,45277.268,11406.934,0.892507643984212,0.8032568795857908,False
CAN,0.6631392612385686,5893517,0.2973648138192822,91149,0.6870574264945726,1319466,0.542606215337935,6121,0.9423293914450994,93000195,349962.704,451581.886,0.9985888486529998,0.8987299637876999,False
CHL,0.6379250196133774,301089,0.3345264570252298,27335,0.6960920628088789,767433,0.5969556498227945,53142,0.842794236516211,3515293,15017.378,45283.7319,0.9112234915691056,0.8201011424121951,False
CHM,0.5710107621646073,13390221,0.3120367499661765,1559336,0.7185398565408818,22148996,0.5748685904684765,1256421,0.8153735650419186,20779781,131750.0,197605.0,0.8674164447830343,0.7806748003047308,False
CHP,0.5470284845212003,77802,0.3352841829682631,17684,0.6375801094117243,92699,0.494246076963839,2587,0.6054702675016054,110043,1106.644,1288.692,0.6398967453113478,0.575907070780213,False
CIV,0.6291483153931121,122565,0.3598168392170923,8081,0.6584255591576553,714104,0.6291207130989394,589124,0.6817212735646047,205580,3240.19,865.6502,0.6964038252779575,0.6267634427501618,False
CMR,0.6365459487769883,364286,0.3212752317343416,8199,0.6314907507164236,190704,0.644358756013011,205629,0.8006964227720162,1595535,19489.944,17805.0274,0.8408389964453618,0.7567550968008256,False
COD,0.6651913598499575,1019640,0.3890825878808843,13090,0.6910906758558225,1021604,0.6455140667972166,441955,0.8375853788206684,9217422,140198.946,52503.1987,0.8610452259639642,0.7749407033675677,False
COG,0.7095578742058327,76992,0.3730316888224206,2352,0.7178081994346265,482052,0.7084837774635432,28944,0.885876860057663,1138641,21723.7,1679.6,0.8922805484657209,0.8030524936191489,False
COL,0.6662745160117652,271182,0.3344065538347062,17173,0.6804398266973294,2185581,0.6683765440032365,168564,0.9095252335974198,3123910,59449.426,7945.6707,0.9203761803386155,0.8283385623047539,False
CRB,0.593200569351862,28561,0.3317518289608019,12364,0.5506918864954463,9775,0.5558705193839247,22980,0.7232757940257721,89310,1452.832,1164.165,0.7569484698205332,0.6812536228384799,False
CRI,0.6206614677629754,47635,0.2514796621289105,2553,0.6221964102762484,61630,0.6323008176774106,33746,0.7455686540202566,115137,2918.8,427.9544,0.7552258377157237,0.6797032539441513,False
CUB,0.5993917590679775,163185,0.3363860517130298,6987,0.629230017033762,148328,0.5884245354365313,135660,0.6979009992262353,121441,2961.694,365.38,0.7056504682214774,0.6350854213993297,False
CYP,0.5614047920338697,19292,0.3648790011320191,5922,0.5537974808572067,288,0.6064928868224913,5087,0.6033284704596613,25309,139.502,629.532,0.6571204130624644,0.591408371756218,False
CZE,0.5458253973932294,352878,0.3645918994734436,40585,0.5813405587777825,62466,0.5621757649610146,9682,0.5960319435637588,146832,460.86,1256.686,0.6430848760967143,0.5787763884870428,False
DEU,0.5350713547796132,1369473,0.338375401972246,317152,0.5666715583329454,340099,0.5245303241001409,13588,0.5691491928907785,811097,5731.1,5236.8,0.5976867044840849,0.5379180340356764,False
DJI,0.6443728109469435,5362,0.275676016402508,181,0.6800582120955678,66386,,0,0.6903540443952555,37952,5.6,608.31,0.7662833906091017,0.6896550515481915,False
DNK,0.5570785101585476,256837,0.3752209538499876,35247,0.5898278814764052,19912,0.5679084484254112,1904,0.5798219082408449,56262,206.66,747.32,0.6291040798768961,0.5661936718892066,False
DOM,0.5961025881712271,45948,0.281485690449026,4210,0.6048794360566875,87180,0.6042641027742864,50158,0.678403346429038,66057,2018.186,62.7366,0.6804548125138773,0.6124093312624895,False
DZA,0.558241595603025,595931,0.3229043105265477,24310,0.663733253850828,988347,0.5450173939066858,63653,0.9079344181363034,11608200,1423.92,195202.944,1.0,0.9072628400307633,True
ECU,0.6100003456450575,183373,0.2955930984866999,11164,0.6185228908790141,235272,0.6241537298481425,72805,0.8481648384953675,747727,12310.17,6935.064,0.8798711979479236,0.7918840781531312,False
EGY,0.4852954650846225,184368,0.2840417263207345,31915,0.6035630249832781,7640,0.5011371361994282,69656,0.8955874619004499,5340125,0.7,95509.914,0.9950963695461079,0.8955867325914971,False
ERI,0.6291599933751264,70713,0.40543373519122,495,0.698754365846163,296686,0.6948452160113825,4240,0.7371067535132846,248097,1455.964,3059.88,0.790682415315974,0.7116141737843766,False
ETH,0.6184763859620849,1347734,0.3592504213163155,9879,0.6851344206354378,1138986,0.6205675377433871,602809,0.7420912651299937,2684258,25876.52,47317.439,0.7933806634045483,0.7140425970640935,False
FJI,0.686432587444701,5872,0.4824254849229289,543,0.6725744470646485,10711,0.7000940581644811,13684,0.825796870192974,56005,907.07,397.328,0.8517414616026242,0.7665673154423618,False
FNP,0.6366992690886606,920710,0.3242060556644346,7831,0.6448171831008216,1944,0.5352619637772339,727,0.7445410809284231,2790902,14707.05,5583.77,0.7656096640301491,0.6890486976271342,False
FRP,0.5570090996955075,1931205,0.3531289876994125,245812,0.6088305002731045,755024,0.5647046736305537,86014,0.6038279869264541,992221,15131.0,7956.1851,0.6253794880878951,0.5628415392791056,False
GAB,0.7573282435366573,69148,0.3961015159539642,1481,0.7175519314633257,117683,0.7393684971818048,16132,0.8789586663749006,1131400,23534.35,31.526,0.8790762675980094,0.7911686408382085,False
GEO,0.6275194596906322,88329,0.3863758491230029,7928,0.6872222733316281,103144,0.599353837872658,57922,0.7563940365330744,218559,3053.992,1468.6,0.781780424046123,0.7036023816415108,False
GHA,0.6059969675063639,237327,0.3097777151435631,16810,0.6563806901880999,255021,0.6155197981473159,430736,0.7080939042746328,254820,6634.78,3236.08,0.7320950359274377,0.6588855323346939,False
GIN,0.6309733087992178,117432,0.3147037965961626,3349,0.6740599689128209,463099,0.6329272610195505,164909,0.704390675961321,510688,5017.852,2110.3359,0.7258807405816438,0.6532926665234794,False
GMB,0.5961355639209908,17952,0.2643552455903226,1058,0.5946705652851828,14968,0.5999839037319773,9639,0.6246047150957869,10705,233.832,142.394,0.6491746753654072,0.5842572078288665,False
GNB,0.640373645447514,32259,0.3294093255171052,257,0.6901577257882356,20733,0.6308756045326401,18928,0.6687627048270107,94837,2116.542,0.0,0.6687627048270107,0.6018864343443097,False
GNQ,0.6971418558895326,14994,0.3736398815242357,172,0.640353779930411,2408,0.6711194405343635,3260,0.7893288111532046,113613,2440.06,260.02,0.7970040277129331,0.7173036249416398,False
GRC,0.599242712826885,321401,0.3685765160910906,18623,0.6422699456502957,248990,0.595585346150223,85000,0.6463562576222985,155530,4592.67,2408.0315,0.6693809563380212,0.602442860704219,False
GRL,0.8182125797944358,18290,0.6618425382508172,9,,0,,0,0.990300697446294,39835448,0.0,40801.67,1.0,0.990300697446294,True
GSA,0.6869082821020812,32219,0.3840424616824213,2101,0.7538694208927111,70224,0.6349736572729642,4835,0.9450171675851976,2117844,41138.638,3457.832,0.9524017096995259,0.8571615387295733,False
GTM,0.6015791803965463,144197,0.3114637087303427,4826,0.6278383610396361,154969,0.607085573340654,61577,0.7085246359061407,204668,3382.7,2515.59,0.7400890488175956,0.666080143935836,False
HND,0.6188359219226833,102882,0.3063614755628774,2358,0.6576029238492004,100795,0.6458156733043549,92613,0.7292059419060551,284731,6034.432,1550.79,0.7444256393284128,0.6699830753955716,False
HRV,0.5745673490997196,110345,0.3849010097486237,13217,0.623676804526314,48646,0.5784541658361819,45165,0.6221708745948706,179864,1866.352,2037.08,0.656427804171772,0.5907850237545949,False
HTI,0.5630952488431404,22172,0.2931328540694126,2840,0.5841100442228047,39612,0.5827110252806335,59050,0.5933891477976101,15237,366.5,594.5,0.632518408333984,0.5692665675005856,False
HUN,0.561745632835105,403016,0.3738177485382433,59512,0.601900486914592,51294,0.5709048391495053,51710,0.6030907999651332,118484,1280.064,2013.7466,0.6423631429169184,0.5781268286252266,False
IDN,0.6137098366841961,1051769,0.3035234162068392,169759,0.6374051232822416,436121,0.6265808546123746,1780808,0.8685768164271995,5976784,90186.72,38811.6162,0.8955202557692026,0.8059682301922824,False
IND,0.5380752093233869,8322460,0.2944795736980343,281683,0.5966288795438042,1337177,0.5454810031231847,3899899,0.7089915419767964,3481098,59088.692,46381.6667,0.7416043501792632,0.6674439151613368,False
IRL,0.6040134557050407,78614,0.3081904307052672,5976,0.6196151812430466,444998,0.2494648694992065,1,0.6367468522727725,43813,113.114,1750.774,0.7027577971082093,0.6324820173973884,False
IRN,0.596101961039844,1668485,0.3131170385917138,58428,0.655832061873513,1745707,0.564981961057828,67849,0.7824693903858804,6159396,9192.11,104432.0,0.8616650898391787,0.7754985808552608,False
IRQ,0.5835126691431604,638765,0.3240396139330138,38069,0.6232118282246266,182840,0.5517627781568848,39563,0.802323850600883,1762866,703.5,33210.934,0.8894209898029084,0.8004788908226176,False
ISL,0.6801112583686517,101241,0.2899057481628265,685,0.6459369292626014,65,,0,0.815432678473245,1082769,11.834,8153.376,0.9058904288728229,0.8153013859855406,False
ISR,0.5170144357206085,31554,0.3110127431961834,10665,0.5616941241010784,9291,0.499680220063163,9357,0.6524114581444883,69123,54.0,1483.0,0.722082819304442,0.6498745373739978,False
ITP,0.5823608552989976,720980,0.3301151392236673,146018,0.6461882797573008,170672,0.5673522457046621,482062,0.6227196131237928,522511,8742.552,7817.4571,0.6535727161592583,0.5882154445433324,False
JAM,0.5750380551863884,9517,0.2949055344295691,2013,0.5827531229698331,13034,0.5807980931720248,9393,0.6531183392802221,22815,592.386,65.234,0.659661995282205,0.5936957957539846,False
JOR,0.5512954290156783,34612,0.2919133708844257,6265,0.5990935367003779,37084,0.5244861897527467,2963,0.817044484657316,439971,40.856,7785.7,0.9073009528766977,0.8165708575890279,False
JPN,0.5644357867969867,490755,0.2519194834405016,259665,0.6426107205680965,485,0.5249597715342708,138846,0.6501064931265762,1428616,14805.4,6874.2,0.6713951923233756,0.6042556730910381,False
KAZ,0.6651438400158542,3078550,0.3650746342830971,36518,0.7315003647253883,14155030,0.5999932927942533,21739,0.7895385649465679,2789045,3040.8,52239.39,0.8719358923338788,0.784742303100491,False
KEN,0.6169996453012949,491108,0.3289613663262485,5237,0.6989988606133338,1106966,0.5858536794477042,175257,0.7629367579846359,1104289,3503.23,25735.599,0.8365704962837655,0.752913446655389,False
KGZ,0.6226787670689308,156626,0.3761719580016552,13352,0.7093511145330569,616360,0.5506881817477298,15221,0.75519047692355,496904,1169.53,7558.676,0.8267910518985234,0.7441119467086711,False
KHM,0.603505604479759,300234,0.4047350035703694,19054,0.6504078177089717,90923,0.6446943605449907,193046,0.7897404883438446,323287,7000.32,3958.6543,0.8193369794767289,0.737403281529056,False
KOR,0.5403599514875206,193451,0.2922436375970086,53618,0.5167019571798962,2223,0.545086139637318,53416,0.6154778403322615,302931,4028.6,1862.774,0.6355738386813006,0.5720164548131705,False
LAO,0.6600058877397167,242479,0.4368442718846672,3339,0.6482577346774273,32513,0.6425871037713249,106032,0.8035153732401812,843452,12909.116,7692.224,0.8346810831410092,0.7512129748269083,False
LBN,0.5395513891211461,19418,0.3296668416894231,5126,0.6255483098787393,20067,0.5166470285813418,7466,0.5934266249989136,10998,140.588,200.4443,0.6304837837162414,0.5674354053446172,False
LBR,0.678346647324727,88852,0.2898602813021549,1229,0.6550481354177615,63215,0.6205699175956584,36390,0.7659612948465527,296633,6288.84,1220.12,0.778612862111791,0.700751575900612,False
LBY,0.5866198199152993,86012,0.3490577896626503,10641,0.6396319675742422,219332,0.566881234298759,5054,0.9037324928558642,8878161,134.332,160397.334,1.0,0.9036518692791053,True
LKA,0.5828402336772014,44661,0.275745579503019,8238,0.6221285341507597,31746,0.5793006203565246,146284,0.7065697556656113,98995,1904.036,1216.534,0.7352323110410728,0.6617090799369655,False
LSO,0.5796880881460046,34780,0.3147262958433863,892,0.6543772002151689,118796,0.5744561949372291,100,0.6216195680058857,23264,25.85,568.48,0.6873665682812412,0.6186299114531171,False
MDA,0.5504636210559031,192200,0.3882186623385802,23239,0.5505445466832969,11234,0.565077435478942,3069,0.5750383777727491,20261,161.74,423.38,0.6198924349046043,0.5579031914141439,False
MDG,0.6433089657334959,384476,0.3383018172390691,1857,0.6994775695648114,2170934,0.6639184474132234,43411,0.7656884327365323,560355,10170.884,6865.808,0.7978415459642267,0.7180573913678041,False
MEX,0.6256671597943326,1900703,0.2911067098931498,84816,0.7133444292803518,4381134,0.6241109426659306,376158,0.7861987715763832,4026809,66655.66,27492.4645,0.8098473570718014,0.7288626213646213,False
MLI,0.6558536348888784,322909,0.3479886392601947,3369,0.6919140453354999,1998865,0.6464792642621221,93398,0.925406812090565,4236733,10383.192,67900.883,1.0,0.9140002536227502,True
MMR,0.6104703445017429,1080450,0.3726404920919496,22934,0.5995816596462978,70613,0.6082881191671705,245143,0.7757996078126753,2164143,26923.956,24032.832,0.8141998463063297,0.7327798616756968,False
MNG,0.725045735492501,115221,0.4869787394518998,7428,0.757356332078746,7609789,0.7565609514713287,54,0.8990051332366078,3728973,14170.42,29063.37,0.9637950390587158,0.8674155351528442,False
MOR,0.573976547707167,547510,0.291828819546146,12620,0.6872759183873981,1216534,0.569155356758514,91448,0.8540435229699872,2085092,5649.54,29993.8672,0.9325144577210425,0.8392630119489383,False
MOZ,0.6473839585571931,690116,0.3969001323739616,6119,0.6884915627721686,1419313,0.6592511015548786,446742,0.760699804063808,1562254,33234.744,3826.356,0.7686355459414816,0.6917719913473335,False
MRT,0.6881291993943486,31454,0.3169440037683043,1528,0.732429907231842,1331201,0.6699453189828927,1595,0.9539415514930262,4260526,639.942,62351.39,1.0,0.9534688317083597,True
MWI,0.5665825853670797,245195,0.3009351512643644,3611,0.6355467112608647,17112,0.5996277102773873,99335,0.7256797752749882,126397,2127.334,1178.3,0.7525028948647283,0.6772526053782555,False
MYS,0.61678042220262,185132,0.285310368537866,32364,0.6462768463920308,13365,0.6403368549747586,391203,0.8374404350115704,1033911,16997.84,5143.76,0.8573578900302777,0.7716221010272499,False
NAM,0.7021538752008424,256489,0.458599838740074,1732,0.7307512034218706,1930514,0.7533887767629874,54349,0.8451491326940047,2248168,8045.536,35471.464,0.9201523522078899,0.8281371169871009,False
NER,0.6323368393609059,438511,0.3381156563049271,1008,0.6867765920132017,1818496,0.6541867079155775,22519,0.9478703717190304,4004466,937.28,78996.72,1.0,0.9472518642924539,True
NGA,0.5846418348502816,606850,0.2951514394168439,79317,0.6163374602233066,2766465,0.5762695023599391,729977,0.6811146342079917,451811,15099.072,4525.2258,0.6971913797368054,0.6274722417631249,False
NIC,0.6560445329371477,126733,0.3085144476564083,2304,0.6619988714846006,247799,0.6673341116698847,81450,0.7590833253106695,153311,4764.32,2073.796,0.7828240362774932,0.7045416326497439,False
NLD,0.4924264240319947,133705,0.2843255776498359,59507,0.5138363975008193,57422,0.4665340525984351,1445,0.4861285307349303,36968,42.302,1187.47,0.5380862316320125,0.4842776084688113,False
NOR,0.6644846877262764,563310,0.3398383858499205,5728,0.725117379578851,10595,0.632455504834494,1887,0.7938869173105332,3039877,12005.266,23323.624,0.8500028825488571,0.7650025942939714,False
NPL,0.5934707957595237,186531,0.2976055743567871,3102,0.762853061620264,103553,0.5938714144027086,163758,0.7395858257131787,392553,5829.92,4362.1116,0.7726548631086542,0.6953893767977888,False
NZL,0.6824244605128624,142193,0.3066579800531948,7712,0.6874741174569928,859681,0.6289131490389506,75,0.8370282576776091,750437,7847.554,6123.162,0.8753955748493691,0.7878560173644322,False
OAO,0.6844337592531659,7433,0.4474701579092952,243,0.81020962201227,81671,0.6885579435941773,1884,0.7426529515065171,17735,72.062,411.332,0.8117246223055294,0.7305521600749765,False
OBN,0.5805278158964957,438085,0.3639886081218719,39312,0.6252206381327101,200675,0.5719525693662602,131663,0.6349199290781491,424907,4034.282,3385.504,0.6652751393972888,0.5987476254575599,False
OIO,0.5566820137595988,7048,0.3241023274936846,784,0.5897735346501566,1299,0.5455920562659977,10538,0.5959037765025708,12405,78.134,132.978,0.6359626258631115,0.5723663632768003,False
OPO,0.7209440968970972,13698,0.3636237365311017,373,0.7007306738890738,14580,0.7260788220429899,4333,0.8236149813313742,83854,1286.27,1085.3999,0.8631156575597034,0.7768040918037331,False
OSA,0.5767421246121067,1146,0.2325183493164872,2981,0.5630942733462797,109,0.6160475047571319,2044,0.8566978821130533,24269,390.216,188.94,0.8855887399342942,0.7970298659408648,False
PAK,0.5529399269050785,1826586,0.2782916510057208,33580,0.6675462938715145,353354,0.5277124887945221,243505,0.7569280768811509,2636889,2989.728,37964.684,0.8342642598488235,0.7508378338639411,False
PAN,0.6378459850812414,41242,0.2797507267459,1907,0.6349911306268214,94843,0.6530725420467736,36434,0.823454971657175,197050,4559.1,610.018,0.8332887799581759,0.7499599019623583,False
PER,0.6547098701431217,458306,0.3355265880493303,19694,0.6830968006597611,1133753,0.6598790191664363,58152,0.8984839993004965,4949841,68190.976,34544.199,0.929746261597847,0.8367716354380623,False
PHL,0.5655591783026858,240052,0.2955979824019326,24816,0.6156791493077417,77155,0.5978916152841676,620483,0.758916149485621,510907,6695.354,9865.16,0.8069887718222848,0.7262898946400563,False
PNG,0.7316248862761272,58757,0.4118787442374826,958,0.6912805332113395,31602,0.7353804979239194,142356,0.910199573794102,2096385,33989.23,9837.04,0.9310985778719519,0.8379887200847568,False
POL,0.5508082216470354,1516284,0.3651923647712592,172278,0.5815783903943539,218655,0.5559242337429325,28303,0.5941578843942338,615519,2083.46,6419.94,0.6426792044779175,0.5784112840301258,False
PRK,0.5594933542994664,313131,0.3202937453555234,11367,0.6344214831061324,3234,0.5450603143168572,3499,0.6830135753907265,467118,6139.172,1762.494,0.6985960014380764,0.6287364012942688,False
PRT,0.6239170101643765,169643,0.3341547873385099,23043,0.6679902960887417,128948,0.6083484264068375,125809,0.6223455532525217,145848,865.608,524.0,0.6467328639703996,0.5820595775733597,False
PRY,0.6582707702716826,315428,0.3473401276841474,6525,0.7106813378684725,1105765,0.6565970108062561,58790,0.8235237984071168,703036,14846.188,3613.1289,0.8399648249104728,0.7559683424194255,False
PSE,0.523174032832906,11685,0.3173152409403062,3280,0.5651662239238163,6784,0.5139978593483334,3649,0.5742244653391951,8834,9.76,193.4,0.6346395516174023,0.5711755964556621,False
RAP,0.5866119933539199,22937,0.2841492614797374,20271,0.6319682164891286,91756,0.5521998631552887,4738,0.7905691246918842,2121339,313.93,38615.4894,0.8776237797195643,0.7898614017476079,False
ROU,0.5790993130135149,828597,0.4002207602567948,75225,0.6234488992436368,283755,0.597575794171538,99101,0.6576485928651912,425885,6083.322,2994.334,0.6800816027283539,0.6120734424555185,False
RUS,0.6687362136767211,15152739,0.4027311363322679,475677,0.6843173313020209,5642550,0.6216623275220439,618879,0.926974634996827,157444495,808613.87,592921.254,0.967922731845295,0.8711304586607655,False
RWA,0.5225968249052386,69291,0.2793268743097417,1143,0.5855496886068404,21605,0.5497451428607455,16690,0.6916058115270983,13501,211.12,0.0,0.6916058115270983,0.6224452303743885,False
SAU,0.620801557214177,254814,0.3052903565756837,35340,0.6637634047928126,382139,0.5834841304020756,3307,0.8479903797162772,9919238,2699.96,38562.033,0.935410624733325,0.8418695622599925,False
SDN,0.63825232170549,1145233,0.3501551418116226,15416,0.6918128205284061,1756504,0.7136230971889845,248952,0.8665691874463698,6619050,22546.71,51458.04,0.9313275877715546,0.8381948289943991,False
SEN,0.6252444065596509,156797,0.3201971517568788,2979,0.6446199188506061,433575,0.6584950381004416,78126,0.7178743134723157,353031,8669.376,1030.52,0.7255829293206039,0.6530246363885435,False
SLB,0.78038791500296,2878,0.631392967133295,84,0.6195518106158878,471,0.769354924746895,6285,0.9175366748955074,118228,2491.626,173.234,0.9235403142158797,0.8311862827942917,False
SLE,0.6151060720732758,59918,0.322570116015447,1712,0.6568119334402628,89631,0.6118161047847073,74829,0.6554807019678198,145507,2493.19,753.826,0.6710600055418581,0.6039540049876723,False
SLV,0.552814237673137,37817,0.2731165666277393,2118,0.5809031887912521,36914,0.5583856823499751,14916,0.588370796941304,14320,672.736,194.804,0.601886000911326,0.5416974008201935,False
SOM,0.659187975691846,149290,0.4788853443181353,2873,0.7043746270224062,1940703,0.7141139426670305,3471,0.7664370578781317,1127543,5129.55,13472.45,0.8262801848330507,0.7436521663497456,False
SPP,0.6060926440639832,1528552,0.332958462408806,61047,0.646598512079827,553634,0.6049979475995297,426317,0.6458246323431213,766363,16206.362,4732.674,0.6607592165543873,0.5946832948989486,False
SSD,0.6830816359678492,234954,0.3603556656139962,470,0.7113826453972102,1079305,0.6945237452552323,175665,0.8263090027584012,1750844,0.0,0.0,0.8263090027584012,0.8263090027584012,False
SVK,0.5567204307322359,169327,0.3891943105075198,21283,0.5858530164560547,36298,0.5790312523262517,10739,0.6179322657461372,134695,1159.842,996.926,0.6478792838263318,0.5830913554436986,False
SVN,0.5735186981381312,37572,0.3585966415747383,3380,0.595820076093629,17570,0.5726413555814556,8569,0.6202767903529621,76965,1178.318,154.586,0.6275549749299854,0.5647994774369869,False
SWE,0.6445144197402028,1004663,0.3189771015674484,19639,0.6322507968286507,29358,0.587552377054969,1245,0.7661495706980441,3676115,19451.8,9663.0,0.7924504510350254,0.7132054059315229,False
SWZ,0.5936355969287204,24129,0.3777147839865545,274,0.6110242992914654,52864,0.6002051226965037,4462,0.6144362170673591,17039,293.86,85.93,0.6286600669725572,0.5657940602753014,False
SYR,0.5705682239090992,443019,0.3381691585317976,14208,0.6563228737652287,207868,0.5539854298049134,22268,0.756733841145379,456256,232.84,4064.341,0.8357835571948771,0.7522052014753894,False
TCD,0.6515176938915328,383141,0.3916888053075778,2053,0.711003082426848,1673021,0.6961056991789304,349189,0.9148097797917994,4236512,4102.936,71459.024,1.0,0.9099184448452131,True
TGO,0.5901372685513379,85831,0.2564732288172589,2010,0.6208857947063948,66177,0.6035957788200396,84884,0.6941274453155858,55474,1144.648,406.7,0.7128145270106823,0.641533074309614,False
THA,0.5873075508985209,1054392,0.3780445179517807,96790,0.6144036514138101,39209,0.5886941509690521,611387,0.7161127802607498,875402,16367.944,7389.456,0.7391016560072226,0.6651914904065003,False
TJK,0.593804827107135,80800,0.3412554666819985,12807,0.6798993071402261,264228,0.5229185201073694,14904,0.8149419361833892,538482,306.468,9598.9,0.9023888691614897,0.8121499822453407,False
TKM,0.6225464724672333,196574,0.3995786458452502,15003,0.7264510918147036,2122528,0.5799745066208882,3663,0.7971687994223264,697486,2180.0,4871.3,0.8563270535904235,0.7706943482313812,False
TLS,0.6451782723874699,13915,0.3961831778997466,210,0.6413799688159203,12250,0.656561537453756,21105,0.6762628319112549,27490,1045.992,87.878,0.6815449904186686,0.6133904913768017,False
TUN,0.5779741446901302,252819,0.3110717443062079,11267,0.6149439025440607,139697,0.5749323865498541,40734,0.7991213427254047,494231,540.57,5138.802,0.8786205755814126,0.7907585180232714,False
TUR,0.6028237205380581,2247412,0.3167241567844516,70591,0.6605098202738449,966441,0.5947885554134168,311757,0.6666956719103986,1403724,21612.566,16536.56,0.6969044977736815,0.6272140479963133,False
TZA,0.629718562577222,999187,0.3629261084680099,7688,0.6727636425807693,1136018,0.6646930405547402,622151,0.772757865456584,1731729,44722.97,3782.8,0.7788317090196892,0.7009485381177203,False
UGA,0.5767495421206685,211905,0.2776157016547016,5289,0.6294596946929489,463695,0.6016458799960895,231708,0.7079837544374508,112352,2005.076,3156.938,0.7541024739097271,0.6786922265187544,False
UKP,0.5444384842725707,661893,0.2709777110803301,123302,0.621252147020966,1116661,0.4715582421049475,16,0.5963621196415487,180700,344.0,3451.5253,0.6560182519238711,0.590416426731484,False
UKR,0.5906286004907446,2924386,0.3820778820409854,245015,0.6093504978793544,412935,0.5990912857400885,311693,0.6281211990434054,643412,5090.0,6110.0,0.6643646642068316,0.5979281977861485,False
URY,0.6613798501477194,206644,0.3360013313080368,6137,0.7001835755158138,741051,0.6713134558360419,20483,0.7034222863835233,76135,847.32,1481.576,0.7512122265877658,0.6760910039289892,False
USA,0.6344458231459711,17212195,0.2981105187758393,1107939,0.7103041971633581,14641438,0.5692519124057265,419680,0.8032885743302758,34435714,281728.8,169870.6273,0.834685549002042,0.7512169941018377,False
UZB,0.5754446136094807,442805,0.3187716439534733,72297,0.7103399446331955,1498583,0.5213117938314416,57448,0.8010029404173411,742283,1440.384,14644.662,0.881235171176193,0.7931116540585738,False
VEN,0.6482537888268599,261136,0.3164178359629608,24168,0.6900089462810226,1533672,0.6470269792279998,163687,0.8947971996264523,2630508,46218.454,19419.592,0.9220776769877214,0.8298699092889492,False
VNM,0.5596076159914529,648325,0.3278271268386177,62745,0.5845156944972241,45042,0.5543196922205357,261824,0.6926568391000707,700118,10960.658,4283.108,0.712681360849522,0.6414132247645699,False
VUT,0.7914913331936467,2199,0.6385250794036048,42,0.7815653174831754,1050,0.8012014361715502,8521,0.9019244212691,44655,898.634,115.024,0.9122764020026364,0.8210487618023727,False
YEM,0.5745503731251388,92012,0.3412494764778946,5451,0.6576106081730035,527727,0.5578143205165008,14791,0.8503335778957251,1737935,384.3,28796.0,0.9434345436840321,0.8490910893156289,False
ZAF,0.629922642826786,1001854,0.2897323466009616,63346,0.6919777428743005,4762449,0.6054672870085197,76518,0.7516955684901933,1144337,20166.014,2436.844,0.759888021702784,0.6838992195325057,False
ZMB,0.6644333327201134,436835,0.3141812068105872,5704,0.6974169993883484,835964,0.6779886600633013,403707,0.7908220946792062,2184760,45208.602,5237.086,0.799118246735499,0.7192064220619492,False
ZWE,0.6421612653836827,573731,0.2665507726155234,4552,0.666672981565084,476022,0.6557929089574329,175215,0.70735649495752,848147,13652.318,8533.1221,0.735651653184703,0.6620864878662328,False
