cty,bii_crop,wsum_crop,bii_urban,wsum_urban,bii_past,wsum_past,bii_plant,wsum_plant,bii_prim,wsum_prim,bii_secd,wsum_secd,bii_natural_combined,wsum_natural_combined,natfor,other,bii_natfor,bii_other,natfor_capped
AFG,0.5993684376897382,22852.39996933937,0.3060259900041928,199.43999912589788,0.6778070418752785,71412.91993716359,0.5462492716448052,539.4799942448735,0.8890533448145308,29404.63997487724,0.6997032955667783,32336.19996882975,0.7898829891575689,61740.83994975686,1209.44,25700.56,0.8732867765936594,0.7859580989342935,False
AGO,0.6784157872248517,19422.799898907542,0.3260294884111946,209.759998716414,0.709242751528791,96038.95988442747,0.6799536727618243,8962.919923558831,0.8762507150962564,90462.519820787,0.7418830980830149,43139.63990009576,0.8328639119720064,133602.1597814262,65245.01,13450.55,0.8473466586472544,0.762611992782529,False
ALB,0.6023441020693501,2706.5599959790707,0.362547326590058,79.83999954909086,0.6511673471016884,1391.639998063445,0.576040642061487,948.8399948626756,0.7613109924531326,105.79999974370004,0.6361151053246227,2255.2399992123246,0.6417252283234256,2361.039998754859,0.0,660.8,0.7130280314704728,0.6417252283234255,False
ARG,0.649319730567074,146547.79974636436,0.3516904421397149,4171.599987663329,0.7148902550473163,266788.4797544703,0.6622787440569831,1847.55996902287,0.867884876597591,134396.8398278728,0.7388907278955065,135029.63981625438,0.8032363184761501,269426.47965978086,45999.272,108374.928,0.8638832985274228,0.7774949686746806,False
ARM,0.5856214979357154,1993.7999969348311,0.3617605721559643,248.1199989542365,0.6660770974386554,3506.5999981984496,0.6107942255729008,65.31999947875738,0.7514897398608938,175.39999889582396,0.6421747918164298,1577.3199987113476,0.6531142697658718,1752.7199973016975,133.534,378.237,0.7052365167020679,0.6347128650318611,False
AUS,0.6899161774910895,248945.99961251763,0.3103729835982009,2807.479992315173,0.7629370447936108,603718.1593560502,0.6564109136004259,1947.9599692225456,0.8996360667897652,476685.6392229572,0.7754548203380529,393955.9994258061,0.8434453852753336,870641.6388412565,131264.266,248591.778,0.9025088891918339,0.8122580002726505,False
AUT,0.5716209467520099,9501.639985121788,0.364030669511978,1116.1599958986044,0.6438950812417789,3631.639996625483,0.5633700441307312,267.1599956974387,0.717035101023801,155.3599984422326,0.6103484684963224,10219.23999580741,0.6119461045548213,10374.599993243814,2564.136,1725.8736,0.6375966588315671,0.5738369929484104,False
AZE,0.5802505016898635,7387.279988527298,0.3730924948304854,1090.6399978473785,0.6481209237191313,6824.399993099272,0.5682803401220251,2619.5199903324246,0.7170346787794032,528.0399959906936,0.6139296358543569,4115.679991289973,0.6256537679253725,4643.719985067844,867.126,2312.716,0.6747270232066876,0.6072543208860189,False
BDI,0.5211178351775635,2418.159996651113,0.2998799768657461,40.919999837875366,0.5667191401175857,1228.5199988409877,0.5458415511271691,1072.9599956572056,0.64825884191162,33.63999957591295,0.5739159341372779,237.7599987015128,0.5831307292194873,271.3999980688095,166.67,185.36,0.6155418406542129,0.5539876565887917,False
BEN,0.611162324644189,4788.999983280897,0.3369978712456716,362.2799987345934,0.6503741954171554,5301.959988795221,0.619170778184033,7750.759982272983,0.7813889479557355,1143.399994507432,0.6638769558930344,4194.279986642301,0.6890495424229355,5337.67998047173,3240.572,3369.7775,0.7260622325196463,0.6534560092676817,False
BFA,0.6136398162728717,9201.159969091415,0.3086210737203693,112.43999956548214,0.6401376079601211,23734.79996716976,0.6361437877591678,10790.959964424372,0.7468824387309023,809.8399937823415,0.644743387562182,12277.159973412752,0.6510638803180362,13086.99996329099,3711.59,9232.8318,0.7010688215141286,0.6309619393627158,False
BGD,0.5012595694983853,11387.719974681737,0.3269442058293623,2024.3999937847257,0.5221706539998104,856.7999976575375,0.490527614316368,10426.23997488618,0.790024790850134,1017.9999965950848,0.5876242830489643,3295.679992876947,0.6353894666030344,4313.679988875985,1616.032,1721.628,0.6699465749337209,0.6029519174403488,False
BGR,0.5919120209030138,15067.079978562891,0.4202333730197737,1272.5199951156974,0.6197687852999694,4055.319989897311,0.606313317038776,1891.1599775254729,0.7590692396101443,347.1599979400635,0.6387703891318951,8108.199992738664,0.6437096168803051,8455.359990261495,3138.6,1900.4,0.6689378257316739,0.6020440431585066,False
BLR,0.6084948614342325,32973.159970752895,0.3909166205080066,1536.119993135333,0.640280801124935,9951.599974952638,0.6222872343057452,23.95999949425459,0.7937634564123662,2336.519995510578,0.6560144095397793,23115.999989405274,0.6686596565495911,25452.51998205483,6630.85,3249.48,0.6913986342353053,0.6222587708117748,False
BLT,0.6062518684042626,28676.639968544245,0.3705675687553927,692.2399976924062,0.6265659894150621,8244.479976043105,0.5673640891909599,1.919999957084656,0.7795122432529781,682.9599973931909,0.647081289579705,24641.15999276191,0.6506527875676988,25324.119988381863,6721.554,2774.038,0.6702329427821337,0.6032096485039203,False
BLX,0.4754383059952936,4102.759991057217,0.2931914213091369,2400.9199972227216,0.5529501516262022,1582.1599973142147,0.4632200342568287,38.87999924272299,,0.0,0.5394806518997654,2315.319997243583,0.5394806518997654,2315.319997243583,302.0,1049.145,0.5848970839753227,0.5264073755777905,False
BLZ,0.6580507687465658,583.9199975430965,0.4429444052516165,4.679999940097332,0.6607241680477116,707.4799985587597,0.6636396875425382,197.07999742776155,0.8539268785250056,1723.3199986964464,0.6948668864594355,1329.2399977594614,0.7846640618746319,3052.559995532036,1343.878,753.822,0.8139125327356637,0.7325212794620973,False
BOL,0.6902030080149473,15237.399926409124,0.3816152324732433,403.3199976757169,0.7115331238431354,73494.6799089387,0.7290258678136271,670.6399901658297,0.9067390804795364,112377.99990612268,0.7648837524338817,25989.51991377026,0.8800944468749361,138367.51987233013,55230.228,14345.5258,0.8986227636172824,0.8087604872555542,False
BRA,0.6593985325430775,189909.43931706995,0.3030600739885105,7567.319975890219,0.7065226583068693,560595.5193033218,0.6628707276392883,48359.39950753003,0.9331131480876234,750020.3194596022,0.7203261244517055,198160.1993770376,0.8886427986479967,948180.5189007148,489567.544,99920.368,0.9039653435118082,0.8135688091606275,False
BTN,0.6896786179099481,830.8799971118569,0.4638910144745043,3.759999990463257,0.7873489080932722,934.5199978724122,0.6860975894977489,234.51999730616808,0.875682057951463,5644.199994176626,0.7621146222946216,1525.9999952614307,0.8515120339698279,7170.199994631112,2688.296,585.324,0.8670142688007344,0.780312841920661,False
BWA,0.6994038351557118,6942.079974502325,0.3602845271605717,107.87999957799911,0.7467898798374473,53434.43995207548,0.7514825955571218,988.9999851509928,0.8708668663775727,38970.39991608262,0.7392506542403359,26299.359944820404,0.8178343113053508,65269.75989475101,15730.2,15080.8,0.8599242998864675,0.7739318698978207,False
CAF,0.7302615181499849,6739.79996624589,0.4355339809726868,53.27999960631132,0.8026591451560713,3174.679988414049,0.7283328990723412,2764.199975721538,0.8962177055804873,89121.19986628741,0.7971244420147129,24965.23992466181,0.8745333836113446,114086.43988988549,45277.268,11406.934,0.8924936184598348,0.8032442566138513,False
CAN,0.6631397173472758,235760.47954697907,0.2973927756685881,3647.799991451204,0.6870572116943489,52782.19989221543,0.542417645584584,244.67999536544085,0.9576082330335026,3160018.879046313,0.8561170363547461,560100.3588139415,0.942327740139954,3720119.238971606,349962.704,451581.886,0.9985870987607446,0.8987283888846701,False
CHL,0.6379158736476314,12043.99996072799,0.3344949902474574,1093.3199970796704,0.6961362544139006,30717.439953133464,0.5969556497566804,2125.6799816563725,0.8991429165421894,97117.59994105996,0.7164835358337944,43371.47993547469,0.8427527140316045,140489.0799003765,15017.378,45283.7319,0.9111785977364684,0.8200607379628215,False
CHM,0.5710060674763016,535591.7191600427,0.3120276260700619,62371.7998341322,0.718537498335706,885874.9993366078,0.5748749473989155,50260.51957499236,0.9003311530157013,522174.8794344589,0.6718147483929654,309027.67963154614,0.8153724465321811,831202.5590189025,131750.0,197605.0,0.867415254882133,0.7806737293939198,False
CHP,0.5468825085314123,3099.239993840456,0.3351601566240814,700.1599981337786,0.6375251316030045,3693.4399969652295,0.4939432022825526,103.19999830424786,0.8037217319498289,404.6799983754754,0.5853255934214133,3968.879996687174,0.6055335131234987,4373.5599956437945,1106.644,1288.692,0.6399635870206388,0.5759672283185749,False
CIV,0.6291800247151185,4901.0799675658345,0.3599045205439279,323.319998241961,0.6584236102418674,28568.719956852496,0.6291145519087608,23567.479957707223,0.8060998834159172,1977.0399884283545,0.6422138936851574,6237.759978577495,0.6816560172333238,8214.79996407777,3240.19,865.6502,0.6963371634903769,0.6267034471413392,False
CMR,0.6365996956598762,14566.079955779016,0.3215786009822486,327.03999903053045,0.6314435509005959,7615.679987169802,0.6443120273044433,8222.399958483875,0.8608686499970799,41280.59993442893,0.6907459685058575,22575.399964042008,0.8007241439441752,63855.99991729856,19489.944,17805.0274,0.8408681074066644,0.756781296665998,False
COD,0.6652052843489306,40802.87983378768,0.3899110661877989,522.5599963068962,0.6910717669768774,40920.15994742513,0.645521429482549,17688.599874794483,0.8962897652502528,253284.7597214058,0.7087054732391056,115443.23982284965,0.8375599198883815,368727.9996856228,140198.946,52503.1987,0.8610190539549271,0.7749171485594344,False
COG,0.7095651328494542,3074.999980226159,0.3674715259474552,96.79999941587448,0.7178037498325333,19280.83997611701,0.7087220181178419,1154.1599874943497,0.9012207490930184,40681.91996960342,0.7565492431438893,4808.519977018237,0.8859283969709758,45490.43996340037,21723.7,1679.6,0.8923324579210306,0.8030992121289275,False
COL,0.6662348875160263,10844.75993103534,0.3345701974940239,685.8399972692132,0.6804258657610118,87390.67990150303,0.6683872777788702,6735.4399432986975,0.942131606168502,105565.27992151678,0.7328258792341722,19454.11994333565,0.9095617912578996,125019.39991262557,59449.426,7945.6707,0.9204131741444734,0.8283718567300261,False
CRB,0.5932057419886552,1142.2399944216013,0.3317518285416262,494.5599986091256,0.5506918866068383,390.9999986588955,0.5558705191789932,919.1999957859516,0.8080673814381769,1285.6799967586994,0.6756221629442584,2286.2799960896373,0.723294076591291,3571.959993734956,1452.832,1164.165,0.7569676035453283,0.6812708431907956,False
CRI,0.6206890968376753,1898.1199933886528,0.2514796618487733,102.11999974399804,0.6222340703920806,2462.83999658376,0.6321875277369151,1341.7999905720353,0.8483023886252997,2084.3999947682023,0.6591442644090227,2495.07999471575,0.7452416366867531,4579.479991927743,2918.8,427.9544,0.7548945845999832,0.6794051261399848,False
CUB,0.5993917590271217,6527.399985171855,0.3363860510727536,279.47999922931194,0.6292300170801612,5933.119991913438,0.5884245353934775,5426.399986721575,0.7805391329655853,1806.9199928715825,0.6489550140062766,3050.71999116987,0.6979009993715665,4857.639984369278,2961.694,365.38,0.7056504683684224,0.6350854215315802,False
CYP,0.5614047920723975,771.6799984648824,0.3648790006972327,236.8799994215369,0.5537974811166924,11.519999861717224,0.6064928869469305,203.4799983724952,0.6899019943061871,17.11999987065792,0.601839243068246,995.2399992346764,0.6033284705098162,1012.3599990680814,139.502,629.532,0.657120413117091,0.591408371805382,False
CZE,0.545819522996658,14119.599983483551,0.3647480909904208,1620.1199943125248,0.581450758478134,2491.319990955293,0.5621137761189016,385.31999315321445,0.6751763801581359,9.679999880492687,0.5958951107047654,5856.879992485046,0.5960259271754279,5866.559992156923,460.86,1256.686,0.6430783847527752,0.5787705462774977,False
DEU,0.5350531932792393,54811.5599340871,0.338360366500853,12700.639970704911,0.5666657001306981,13615.399960882962,0.5247354589933272,544.9199891015887,0.6484985042957739,12.519999794662,0.5690587973065435,32450.4799650833,0.5690894348047557,32462.99996457994,5731.1,5236.8,0.5976239500886692,0.5378615550798023,False
DJI,0.6445397209707696,212.71999910473824,0.2738842742601851,7.199999943375588,0.6800219106407939,2646.4799982085824,,0.0,0.8024530208481928,75.71999967843294,0.6840884229503058,1433.5999981984496,0.6900265721424204,1509.3199979066849,5.6,608.31,0.7659199009616227,0.6893279108654604,False
DNK,0.557064582141403,10265.759989075365,0.3752109103968934,1409.3999965637922,0.5898999350463668,793.47999420017,0.5679084484064859,76.15999860316515,0.7281227111816406,0.4000000059604645,0.5798781001986851,2247.479995675385,0.579904479652926,2247.8799956962466,206.66,747.32,0.6291936694758457,0.566274302528261,False
DOM,0.5961053374832369,1839.439993686974,0.2821638098443091,168.9599993750453,0.6049170865234376,3492.679995626211,0.6042854168774178,2008.319992609322,0.8154338174203825,520.039998665452,0.6448266919900263,2125.319996237755,0.6783656165678363,2645.3599938750267,2018.186,62.7366,0.6804169685590011,0.612375271703101,False
DZA,0.5582475225893818,23843.27997495979,0.3229381189448971,972.679996021092,0.6637123023892275,39514.91997949779,0.5450598899168908,2548.1999836042523,0.942755090786505,383578.7600157186,0.7426491152798603,80782.1200196147,0.9079438359652556,464360.8799115494,1423.92,195202.944,1.0,0.9072723265586539,True
ECU,0.6100116066830616,7333.599981218576,0.2955223456525125,446.51999843120575,0.618515208803925,9420.159983880818,0.6241955450312076,2913.199983619153,0.9001607063205889,22694.43997643888,0.6842002312482405,7206.599983535707,0.8481109864216682,29901.039972007275,12310.17,6935.064,0.8798153327594045,0.7918337994834641,False
EGY,0.4852897735818237,7373.519985601306,0.2840469583613077,1276.4799962565305,0.6036161419596486,304.8399985283613,0.5011371362958786,2786.239986591041,0.9315069993030948,178050.12003920227,0.7156965462214658,35551.840001381934,0.8955875784602929,213601.9599495083,0.7,95509.914,0.9950964990569391,0.8955868491512452,False
ERI,0.6289874701477952,2822.7199937701225,0.405433733836071,19.799999959766865,0.6987453483894557,11874.67998932302,0.6942197582152749,168.79999815672636,0.8779645498640274,1726.1599974930286,0.7075687088201029,8194.279996730387,0.7372176442142513,9920.439991988242,1455.964,3059.88,0.7908013659657389,0.711721229369165,False
ETH,0.618485565059349,53901.87987240404,0.3593652464060217,395.159998036921,0.685163362415552,45564.51994357258,0.6205586927210244,24108.39992678165,0.8351688493422936,35843.63989774883,0.6955660151297804,71577.63990576565,0.7421477886152599,107421.27982643248,25876.52,47317.439,0.7934410934922553,0.7140969841430298,False
FJI,0.6864325872352804,234.87999792397025,0.4824254842780738,21.719999819993973,0.6725744469912267,428.4399995133281,0.7000940579175366,547.3599966466427,0.8559634128960175,1667.9199977889657,0.7378759576558414,572.279997214675,0.8257968703955272,2240.1999950632453,907.07,397.328,0.8517414618115412,0.766567315630387,False
FNP,0.6366927472676299,36831.7999573797,0.3243723216929491,313.63999903202057,0.6448785744111754,77.79999846965075,0.5352619634257505,29.079999446868896,0.8507709322111263,38551.03993663192,0.6883369047178981,73017.7199876383,0.7444637334930584,111568.75994314252,14707.05,5583.77,0.7655301278628105,0.6889771150765295,False
FRP,0.5570208359589215,77225.59988357127,0.3532115839949814,9822.3599762246,0.6088615378882349,30197.67994454503,0.5647174925810218,3440.959974512458,0.7524724705774992,462.3199971392751,0.6021149317301698,39219.31996238232,0.6038667065247392,39681.63995637745,15131.0,7956.1851,0.6254195896450915,0.5628776306805824,False
GAB,0.7574216414819426,2759.7999793738127,0.3962579798550814,58.79999968409538,0.7175171218170663,4710.159993156791,0.7394194807415901,645.1199903860688,0.8931900520180144,39666.95995470136,0.7774185697281679,5543.999974787235,0.8789935586208154,45210.95996043831,23534.35,31.526,0.8791111645123699,0.791200048061133,False
GEO,0.6274832415005998,3540.759988948703,0.3864159625772745,317.39999901503325,0.6870472016932527,4131.799997165799,0.59935601153439,2316.8799939602613,0.8542015029577514,3934.199995331466,0.6743909280182646,4761.439997389913,0.7557432797847677,8695.639991603792,3053.992,1468.6,0.781107826349592,0.7029970437146328,False
GHA,0.6060265954539398,9510.399971991776,0.3097901348340882,672.2399970218539,0.656366969620183,10202.759984530509,0.6155364911607799,17227.27995993942,0.7994105887723959,4533.239983141422,0.6348599571427955,5659.799985408783,0.708042001484933,10193.039965987206,6634.78,3236.08,0.7320413738715147,0.6588372364843632,False
GIN,0.6308892547307513,4687.31997410953,0.3151494277403323,134.3199995234609,0.6740160078077438,18496.799962937832,0.632895623807304,6597.879964567721,0.774884844290002,7377.199964009225,0.6643639153160338,13024.199972897768,0.7043285744209986,20401.39993236959,5017.852,2110.3359,0.7258167444022239,0.6532350699620015,False
GMB,0.5961631299066338,704.9599990323186,0.2643552452163768,42.32000006735325,0.5949005207657682,591.3999985381961,0.5989882516458147,376.1199980005622,0.6679628935186881,55.43999946117401,0.6182906548590901,373.3999994173646,0.624712231404995,428.8399989008904,233.832,142.394,0.6492864210238048,0.5843577789214244,False
GNB,0.6403777449040681,1289.3999959155915,0.3294093247532869,10.279999911785126,0.6900914136323111,832.4799976348877,0.6308114766115566,756.6799961924553,0.7445406963205282,473.599996380508,0.6578473798606131,3302.919996716082,0.6687192816332374,3776.519992247224,2116.542,0.0,0.6687192816332374,0.6018473534699136,False
GNQ,0.6971932164343448,605.3999962061644,0.3691377076784247,7.27999997138977,0.641180828197968,96.31999946385622,0.6716781678025147,130.4399980083108,0.8163897291070872,3430.7199953719974,0.7056241236439473,1115.0399967134,0.7892197772526904,4545.759995207191,2440.06,260.02,0.796893933596718,0.7172045402370463,False
GRC,0.5993076101887298,12858.879980623722,0.3687261412769487,744.359996534884,0.6422752688202161,9965.03998966515,0.5956184942282099,3397.9199805036187,0.7325555184861727,336.8799970895052,0.6414832031932849,5894.199990600348,0.6464069790550124,6231.079985961318,4592.67,2408.0315,0.6694334845850002,0.6024901361265002,False
GRL,0.8182125796437212,731.5999965816736,0.6618425379229619,0.3599999994039535,,0.0,,0.0,0.9950391068800865,1500040.1602513492,0.9141913697291082,93383.8000478223,0.9903009649415032,1593423.9600065425,0.0,40801.67,1.0,0.9903009649415032,True
GSA,0.6869236426036603,1288.199993878603,0.3827148029157527,83.51999966055155,0.7538550184343953,2812.199998050928,0.6349736567971535,193.39999805390835,0.9492847586578772,82272.39997345209,0.8025753913091124,2457.799983739853,0.9450291062349788,84730.19997621328,41138.638,3457.832,0.9524137416401648,0.8571723674761483,False
GTM,0.6016766329014853,5772.399984113872,0.3111379445345132,192.43999931961295,0.6279413376932051,6209.559990562499,0.6072956017901606,2458.7999821677804,0.8552999439735063,2701.519993685186,0.6384428025492843,5531.279990084469,0.7096025422608467,8232.79998447746,3382.7,2515.59,0.7412149753533026,0.6670934778179723,False
HND,0.6189700592811666,4116.319986611605,0.3066419642781571,94.43999944627284,0.6576527427631872,4041.2399938702574,0.645839279385112,3703.7199810296297,0.862136179106539,3676.9999892115593,0.6659840217231278,7721.9599941670895,0.729257467934582,11398.959985405208,6034.432,1550.79,0.7444782407877863,0.6700304167090078,False
HRV,0.5744470530095759,4426.719987340272,0.385146611330156,530.3599979579449,0.6236212911849045,1939.1199985966089,0.5784237378283048,1813.6799885109067,0.727332832428179,130.7999988272786,0.6201597316746629,7061.959994621575,0.6221086694296499,7192.759994149208,1866.352,2037.08,0.6563621739700359,0.5907259565730324,False
HTI,0.5630328690510112,885.3599961027503,0.2921769728030435,113.03999963402748,0.5839546817854219,1578.9999985992908,0.5826746220201122,2359.999997995794,0.6606496779562082,13.279999770224094,0.5916099899337077,593.1199975386262,0.5931219408786024,606.3999974131584,366.5,594.5,0.6322335812593165,0.5690102231333849,False
HUN,0.5617768440883729,16125.11998090148,0.3738101942985775,2374.679995454848,0.6018972741199146,2047.1999950259924,0.5709234623479675,2068.4399776533246,0.6881375784031333,4.119999930262566,0.6030867555182761,4725.759990856051,0.6031608397234107,4729.87999099493,1280.064,2013.7466,0.6424377435562565,0.5781939692006308,False
IDN,0.6137125338679442,42067.75983276218,0.3035329694796489,6790.19998344779,0.6374009977356849,17436.91996013373,0.6265826973654496,71228.559809722,0.9020665005890433,200078.43979127705,0.6970822368167361,39042.79983551055,0.8685974554164457,239121.23970644176,90186.72,38811.6162,0.8955415349843266,0.805987381485894,False
IND,0.5380746525513173,332938.359438926,0.2944989401320014,11270.959959246218,0.5966062151727836,53475.63985031098,0.5454816811864349,156016.11947837472,0.8395766062812666,51594.6398839578,0.6320702652008874,87645.51981592923,0.7089605458097428,139240.15970470756,59088.692,46381.6667,0.7415719282236193,0.6674147354012574,False
IRL,0.6040034620586359,3144.439986698329,0.3083657774885614,238.31999947875735,0.6195985851509375,17780.55997914821,0.2494648694992065,0.0399999991059303,0.7445268558034093,38.4799997061491,0.6343630082265713,1712.7199920862913,0.6367836939333636,1751.1999914348123,113.114,1750.774,0.702798458108961,0.6325186122980649,False
IRN,0.5960994385657751,66711.51989466697,0.3130668434277275,2335.319993533194,0.6557914021036587,69756.87992052734,0.5649695750050563,2710.959974050522,0.8940314326049555,116854.59995011984,0.6817929568534437,129499.87988556176,0.7824651353997469,246354.4798510149,9192.11,104432.0,0.8616604041951728,0.7754943637756555,False
IRQ,0.5835482817524216,25558.159966930747,0.323996658569565,1523.1599970310926,0.6230688090630886,7297.479989938438,0.5516936856642751,1582.6799862012267,0.9119014406768616,38752.15998137742,0.6688806440931893,31804.9199648425,0.8023552832951767,70557.0799601227,703.5,33210.934,0.8894558347075562,0.8005102512368005,False
ISL,0.6801112581919274,4049.6399890109897,0.2899057475130045,27.40000005811453,0.6459369292626014,2.599999941885472,,0.0,0.8887804619486913,22127.99999976158,0.7388118909335192,21182.760003320876,0.8154326784364891,43310.7599761337,11.834,8153.376,0.9058904288319897,0.8153013859487908,False
ISR,0.5172622749857534,1265.0799978002906,0.3110151759149968,425.319998934865,0.5626007406903905,376.479999743402,0.5004085855393776,372.99999786168337,0.8136944980729109,216.5999997407198,0.6387380128229374,2545.239998534322,0.6524591460774641,2761.839998550713,54.0,1483.0,0.7221355998567454,0.6499220398710709,False
ITP,0.5823798076775788,28847.15994162857,0.3300908751306572,5841.679989822209,0.646193042728542,6832.719989486039,0.5673510027202948,19281.319937884808,0.75996226748178,676.9599950313568,0.6181301960229244,20220.879977688197,0.6227246726945763,20897.839970178906,8742.552,7817.4571,0.6535780264102122,0.588220223769191,False
JAM,0.5750466281306323,380.79999807477,0.2950555305256741,80.55999957770109,0.5827531230194413,521.3599988743663,0.580798093079721,375.7199981883168,0.7400367809565016,303.9999987259507,0.609700293939666,608.6800002083182,0.6531134201720884,912.6799985393882,592.386,65.234,0.6596570268890496,0.5936913242001447,False
JOR,0.5513773442147287,1390.1599973663688,0.2917815128386523,250.3199992030859,0.5991566856497911,1486.5599985197186,0.5238093360039243,119.99999956786633,0.8911666210250381,10259.879994533956,0.7138054814885694,7335.439991764724,0.8172252549804062,17595.319990456104,40.856,7785.7,0.9075016923584167,0.816751523122575,False
JPN,0.5644357690366575,19630.27993300557,0.2519194832626883,10386.59998255223,0.6426107204778281,19.3999996855855,0.5249597715343702,5553.83994897455,0.7752859838704269,13959.239957466722,0.6096434998143282,43185.39995518327,0.6501064931696096,57144.6399217397,14805.4,6874.2,0.6713951923678182,0.6042556731310363,False
KAZ,0.6651454813844712,123108.9598461464,0.3653323671914792,1461.1599948778749,0.7315043138080505,566229.239784345,0.6000721978754318,872.719989143312,0.8770602963017807,39821.43993645906,0.7409590432710131,71760.63989279419,0.7895308917610847,111582.07983437926,3040.8,52239.39,0.8719274183642358,0.7847346765278123,False
KEN,0.6169453958578563,19653.19995010644,0.3289864545140084,209.9999991804361,0.6989781483284399,44278.9599493593,0.5858656775663306,7009.599977150559,0.825762260584817,20748.679935343564,0.7072578862746898,23426.959957115352,0.7629177328048535,44175.63990613073,3503.23,25735.599,0.836549634916259,0.7528946714246331,False
KGZ,0.6229557319215752,6255.479979813099,0.3758762137119559,530.5199995934963,0.7093474241209281,24680.15998520702,0.5509341578226753,599.9999939799309,0.8279039932383193,7674.839980430901,0.7096862490422786,12203.159981310368,0.7553297882453495,19877.999957427382,1169.53,7558.676,0.826943571504916,0.7442492143544245,False
KHM,0.6035990971447758,12009.83998042345,0.4046629127526825,762.0799976885319,0.6504388377094533,3638.8399904817343,0.64469582255237,7729.399975135922,0.8715331794533778,7300.039985775948,0.6843845027470561,5665.879980109632,0.7897524849317143,12965.919968545437,7000.32,3958.6543,0.8193494256514082,0.7374144830862674,False
KOR,0.540393361510606,7743.639982968569,0.2922300797425718,2144.559994891286,0.5166077739073252,88.83999908715487,0.5450861396280663,2136.63997773081,0.7490803905138805,1156.3999941125512,0.6014675990083428,10973.640001811087,0.615540053147246,12130.039997026324,4028.6,1862.774,0.6356380828100796,0.5720742745290717,False
LAO,0.6600256337046839,9700.15997775644,0.4382637022105152,134.1199989616871,0.6484009639256894,1305.67999663949,0.642804260634114,4237.759976528585,0.8617140202367737,20158.27996569872,0.7169624225393103,13576.399984292686,0.8034592631474685,33734.679964356124,12909.116,7692.224,0.8346227967229515,0.7511605170506563,False
LBN,0.5397975909144472,775.3599980100989,0.3298583474220913,204.2799994572997,0.6257268121556612,802.8799991086125,0.5167898440238397,298.7199989780784,0.6688064549339476,134.75999892503023,0.5592839789611721,304.7999989911914,0.5928613035326956,439.55999732762575,140.588,200.4443,0.6298831601479311,0.5668948441331381,False
LBR,0.6783719906874345,3547.839987292886,0.2882668832813863,48.75999982655048,0.6549834144819198,2534.039994314313,0.6206886607606256,1451.4399924948812,0.8496507146028329,6022.879987053573,0.679654427041458,5837.279992438853,0.7659827093938029,11860.159983716903,6288.84,1220.12,0.778634630368278,0.7007711673314502,False
LBY,0.5866285933918304,3440.4399939477444,0.3492284110481687,425.83999901264906,0.6396236366659692,8773.319991998374,0.5668812343991898,202.1599972546101,0.941782149900716,279661.76003183424,0.7629213903335617,75538.72003924847,0.903744721468754,355200.4799188003,134.332,160397.334,1.0,0.9036641081333997,True
LKA,0.5828402335834237,1786.4399885088203,0.2757455790318514,329.5199992656708,0.622128534222406,1269.8399966359138,0.5793006203087541,5851.359990246594,0.8167728289898206,1772.1199955046177,0.6173002692415218,2187.6799944862723,0.7065697558279477,3959.799990437925,1904.036,1216.534,0.7352323112099945,0.6617090800889951,False
LSO,0.5796324015894839,1397.799998037517,0.3140197035120041,34.919999830424786,0.6541724407786166,4745.839997366071,0.576893079949885,3.919999912381172,0.6881648819594377,9.639999829232693,0.6211236934204887,919.519999332726,0.6218192432059455,929.1599990203975,25.85,568.48,0.6875873625806811,0.618828626322613,False
MDA,0.5503243567924027,7721.999986231327,0.3885762493723393,934.1599993556738,0.5500728161864451,452.3999952748418,0.5651944470944045,125.31999766081572,,0.0,0.5749191431845772,814.2399980947375,0.5749191431845772,814.2399980947375,161.74,423.38,0.6197638997980032,0.5577875098182029,False
MDG,0.6433089655998779,15379.039955556393,0.3383018164007069,74.27999959141016,0.6994775879515435,86837.43993845582,0.6639184473478547,1736.4399883449078,0.8446063315677961,10351.5599726066,0.6979650021204066,12062.639970704911,0.7656884328654919,22414.19994276017,10170.884,6865.808,0.7978415460986017,0.7180573914887416,False
MEX,0.625688427349989,76006.91984166205,0.2912152530178904,3386.9199886024,0.7133439428895816,175193.7597802207,0.6240957254675394,15051.199881523848,0.8484644063265308,85092.7597964853,0.7163812104531713,75973.91987546533,0.7861617739506226,161066.6796847731,66655.66,27492.4645,0.8098092465703312,0.728828321913298,False
MLI,0.6558870039927862,12919.519958235323,0.3479886382092738,134.75999929755926,0.6919072226970062,79970.11993887275,0.6465465369088272,3741.599973760545,0.9617034608378988,140980.39998009056,0.7452303732306709,28434.83996456861,0.9253703800448546,169415.23992179334,10383.192,67900.883,1.0,0.9139582505018367,True
MMR,0.6104605897934358,43208.119924776256,0.3726065293332942,915.519995354116,0.599201259697289,2817.9599917680025,0.6082381174288419,9804.599927723408,0.8578190450491059,45222.11992278695,0.6857883663766396,41260.5199579522,0.7757438996399995,86482.63990437984,26923.956,24032.832,0.8141413807113824,0.7327272426402442,False
MNG,0.725078835736699,4619.839983820915,0.4869963952625859,297.7599988505244,0.7573499235654699,304409.7999169007,0.756560951252604,2.1599999740719795,0.9234095500007832,119574.8398886323,0.8005855157015362,29683.83994976431,0.8989829037456428,149258.67983217537,14170.42,29063.37,0.9637712075228092,0.8673940867705283,False
MOR,0.5739918396010125,21899.99996477365,0.2917991832348293,504.6799985542893,0.6873001372313379,48681.6799762398,0.5691599950550528,3657.759977258742,0.92068458659997,55997.039979711175,0.7178010599412343,27412.279992058877,0.8540073850457874,83409.31993067265,5649.54,29993.8672,0.9324749993844567,0.839227499446011,False
MOZ,0.647392944272424,27587.8799251914,0.3968992548968785,244.9199984446168,0.688498390027013,56768.31990066171,0.6592247339082555,17866.719890914857,0.8237765070604773,31368.599882662296,0.697141407121601,31107.799935527142,0.7607232683611436,62476.39980041981,33234.744,3826.356,0.7686592550221154,0.6917933295199039,False
MRT,0.6876079014741208,1261.9199972748756,0.3189987295629835,61.680000089108944,0.7323781568241761,53263.27998354286,0.6681917545278732,64.55999918282032,0.9657351310689984,159380.9199871868,0.783303235340582,11034.079998612404,0.9539229776197954,170414.99995405227,639.942,62351.39,1.0,0.9534500672026254,True
MWI,0.5665662955163516,9808.67997997254,0.3005333744605154,144.11999959498644,0.6358351780224425,688.5599973723292,0.5995859381576454,3965.479980438948,0.7824266458754491,2391.719988964498,0.6747591718305294,2657.999992750585,0.7257541678207015,5049.7199814766645,2127.334,1178.3,0.7525800371634569,0.6773220334471112,False
MYS,0.6167654003770884,7404.559968858957,0.2853911855316232,1292.3599970638752,0.646248371862409,533.919996842742,0.6403170874145243,15644.159958302977,0.8753406685471187,31942.039954788983,0.7072658931782487,9344.359960369766,0.8373002677912323,41286.39993271232,16997.84,5143.76,0.857214389110981,0.771492950199883,False
NAM,0.7022400132272729,10249.599967129529,0.4593112445665623,69.43999959528446,0.7307657668541363,77204.43996430933,0.7534447103445001,2171.119975589216,0.8910233201507695,57819.87992752344,0.7624925375671622,32089.51996368915,0.8451494613935762,89909.39988613874,8045.536,35471.464,0.9201527100780839,0.8281374390702755,False
NER,0.6323435626178673,17556.199979759753,0.3391757615624495,40.51999973505736,0.6867687714586331,72790.63994812965,0.6540793237998751,907.6799919232726,0.9674645788921435,144778.31999655068,0.7636296962977235,15423.840000405908,0.947839895840029,160202.1599721983,937.28,78996.72,1.0,0.9472210268233526,True
NGA,0.5846180771657182,24275.47989871353,0.2951372399956085,3173.9999930784106,0.6163578961234426,110672.8798057586,0.5763359207022875,29232.479910984635,0.7738183007732933,7752.879968032241,0.6116578517488,10328.51996511221,0.6811884468721862,18081.39993098378,15099.072,4525.2258,0.6972669346443162,0.6275402411798846,False
NIC,0.6559366382714409,5071.319984458387,0.3085144471248549,92.15999969094992,0.6619686723314429,9907.999986954032,0.6673398501136927,3261.0399854257703,0.8739052114708727,2265.3599951565266,0.6920893074908552,3871.919989183545,0.7592002225338035,6137.279985867441,4764.32,2073.796,0.7829445895197948,0.7046501305678153,False
NLD,0.492339523637011,5338.159994967282,0.2844609295699226,2381.959996432066,0.5138323656452622,2302.4399979785085,0.4658313377138116,57.03999888151884,0.6702906042337418,0.1599999964237213,0.4862373575070977,1482.0399947613478,0.4862572256176344,1482.1999947279692,42.302,1187.47,0.5382286814988407,0.48440581334895666,False
NOR,0.6644994773878391,22538.119933761656,0.3398383853991148,229.11999915540216,0.7251999805322568,423.6399996057153,0.632455504801471,75.47999841719866,0.8516000721715311,65915.0399421081,0.7255947051477992,55702.639968156815,0.7938878086793074,121617.6798755452,12005.266,23323.624,0.8500038369241101,0.765003453231699,False
NPL,0.59326776581426,7482.239979356527,0.29748914857304,123.79999953508376,0.7628800800370059,4140.23999414593,0.593695349267187,6568.719980962575,0.8313354485012229,6727.759982250631,0.6700223536637085,8938.479986704886,0.7392971628400281,15666.239961579442,5829.92,4362.1116,0.7723532932772913,0.6951179639495622,False
NZL,0.6824244604352133,5687.719971992075,0.306657979454656,308.47999957203865,0.6874741174608959,34387.2399565801,0.6289131492441078,2.999999947845936,0.8836142545490461,21021.999980211254,0.7281590451045017,8995.479976952076,0.8370282578374457,30017.47995957732,7847.554,6123.162,0.8753955750165323,0.7878560175148791,False
OAO,0.6844337590839631,297.3199993148446,0.4474701573197198,9.719999969005585,0.8102096219964384,3266.840000011027,0.6885579436642602,75.35999949276447,0.8247831682894521,214.59999831020832,0.7070322064905108,494.7999988645315,0.7426529511791178,709.3999968320131,72.062,411.332,0.8117246219476798,0.7305521597529119,False
OBN,0.5805941439772374,17501.11996369809,0.3637996801854559,1568.4799968153238,0.6252267985190514,8038.319989547133,0.5720017042083102,5261.039964780211,0.7729923453073478,1024.279996804893,0.6260876868252231,15968.439988270402,0.6349427437721241,16992.719983540475,4034.282,3385.504,0.6652990448505899,0.5987691403655309,False
OIO,0.5566820137609965,281.9199982434511,0.3241023270528709,31.35999985039234,0.5897735344839174,51.9599999114871,0.5455920561735835,421.5199993625283,0.6231434644519508,136.91999845951796,0.5855228535611019,359.279999665916,0.5959037766843582,496.199997484684,78.134,132.978,0.6359626260571194,0.5723663634514075,False
OPO,0.7209440968082057,547.9199970960617,0.3636237360959597,14.92000002413988,0.7007306736898243,583.1999985128641,0.726078821898993,173.31999836862087,0.8514632677447379,2367.319996520877,0.7568100228067677,986.8399967625736,0.8236149814497561,3354.159993954003,1286.27,1085.3999,0.8631156576837629,0.7768040919153866,False
OSA,0.5764731710106056,48.519999563694,0.232344984760773,121.64000007510184,0.5630942724710386,4.359999977052212,0.619586064509746,85.03999938815832,0.8746131981872254,899.5599997341633,0.6705427190791589,86.67999950796366,0.8566775750349331,986.239999257028,390.216,188.94,0.885567748030264,0.7970109732272376,False
PAK,0.5529336159383431,73037.2798832357,0.2783323118124617,1343.479995638132,0.6676501865994912,14167.639978967609,0.5276942189405335,9735.03993935138,0.874829187821067,39527.71996491402,0.6862263225882081,65936.8399393633,0.7569139663954957,105464.5599193275,2989.728,37964.684,0.8342487076791646,0.7508238369112481,False
PAN,0.6377545945193257,1653.519992530346,0.2797507262872701,76.27999959886074,0.6349791026004828,3795.9599954634905,0.6529863360592993,1462.6399909481406,0.8812814977088504,5387.319994442165,0.6972266464215241,2486.5999920219183,0.8231566003131892,7873.919988632202,4559.1,610.018,0.8329868454240943,0.7496881608816849,False
PER,0.6547014815894632,18323.279936492443,0.3355945183494069,787.8799961656332,0.6830930019055395,45340.559942908585,0.6598704273785789,2326.319975338876,0.9398448488752628,161637.63993282616,0.7143009158298256,36294.279946520925,0.8984874233080105,197931.919928506,68190.976,34544.199,0.929749804741841,0.8367748242676569,False
PHL,0.5655591781086642,9602.079957045617,0.2955979817560885,992.6399965658784,0.6156791493681165,3086.199991993606,0.5978916152377998,24819.31994751841,0.8156464806883337,12758.999966137111,0.6646350635517615,7677.319964438677,0.7589159651236462,20436.31993073225,6695.354,9865.16,0.8069885757821245,0.7262897182039121,False
PNG,0.7315854042799117,2349.439980186522,0.4118787424405034,38.31999978423119,0.6912912016026271,1264.2399949133396,0.7353698935082381,5693.879969187081,0.9246661375087968,75554.75994032621,0.7784976045829719,8299.359961546957,0.9101992840033432,83854.11994227767,33989.23,9837.04,0.9310982814273354,0.8379884532846019,False
POL,0.5508320766538424,60664.71994199604,0.3650914011149391,6891.559981137514,0.5816029693688507,8747.239975377917,0.5559106193229302,1132.079980686307,0.7369810444500103,33.71999977529049,0.5940694455073074,24627.199970409278,0.5942648550491252,24660.91997011751,2083.46,6419.94,0.6427949107862806,0.5785154197076525,False
PRK,0.5595145688611871,12513.519986212254,0.3212853942435081,453.9199987500906,0.6339285300264131,128.5199991464615,0.5450603142655773,139.9599976837635,0.7911374087443148,5690.839978791773,0.6357816187302765,12991.479995034637,0.6831046998034115,18682.31997929513,6139.172,1762.494,0.6986892047837036,0.6288202843053332,False
PRT,0.6239224358695477,6783.719981692731,0.3341029106509827,920.9999959766864,0.6679938007592657,5143.399995163083,0.6083558633345222,5033.559981375933,0.7538105446963139,51.67999974638224,0.6212423643969798,5787.039994455874,0.6224157591750187,5838.719994358718,865.608,524.0,0.6468058209909597,0.5821252388918637,False
PRY,0.6582401581015381,12616.879956915976,0.3462331604262165,264.0799987539649,0.7106656727609898,44236.39996946603,0.65665217337056,2355.119972482324,0.8801043365411735,16256.599972426891,0.7457564131062143,11876.95995938778,0.8233875573962331,28133.55993432552,14846.188,3613.1289,0.839825863951392,0.7558432775562528,False
PSE,0.5226130607721674,467.2399989590049,0.3173066173232308,132.8799993097782,0.5648294104868953,270.7599992901087,0.5120912124991652,144.71999939531088,0.5719408149671574,102.67999947816132,0.5743489120597127,247.11999920010567,0.5736420412736687,349.79999881982803,9.76,193.4,0.6339958497723781,0.5705962647951404,False
RAP,0.5865956577749664,917.5599955394864,0.2842368309961207,810.9999989420176,0.6320551367382189,3673.7999956160784,0.5521998630458352,189.51999785751104,0.9010702684362372,41241.35999632627,0.6861597927442591,43660.03998309374,0.7905538344964447,84901.39997813106,313.93,38615.4894,0.8776068058222856,0.789846125240057,False
ROU,0.5791049973221659,33153.71994382888,0.4003142809960441,3012.359990812838,0.6234570440037414,11345.759974189104,0.5975715569120917,3964.599959731102,0.7935986329687055,1001.7999977692962,0.6491630517167881,16044.91998180002,0.6576512280486708,17046.719979591668,6083.322,2994.334,0.680084327800412,0.6120758950203707,False
RUS,0.668737043192115,606190.4388205037,0.4027056626597433,19028.879929967225,0.6843485806001481,225817.79952383784,0.6216599233661454,24761.839810922746,0.953454207595807,5133956.43732173,0.8101736620241022,1163966.9177295193,0.9269734447490192,6297923.35707327,808613.87,592921.254,0.9679214890195841,0.8711293401176257,False
RWA,0.5226219379840353,2789.999994911253,0.2778129846600728,46.63999979197979,0.5853953315350764,868.6799985691905,0.5498456759045345,666.1599964126945,0.8090264585222722,225.55999947339296,0.6073831544313644,316.7999983355403,0.6912438074126339,542.3599976748228,211.12,0.0,0.6912438074126339,0.6221194266713705,False
SAU,0.6207835368074128,10183.9599814713,0.3052489567195215,1413.0399953499436,0.6637524235896467,15279.999979138374,0.5834255889518309,131.79999770969152,0.918421507052965,272507.4399858862,0.6935076980826713,124198.43995615096,0.8480067599809409,396705.8799461573,2699.96,38562.033,0.9354286936571817,0.8418858242914635,False
SDN,0.638260363795844,45843.15993425995,0.3501551410568504,616.6399974748492,0.6918202166697645,70287.6799178347,0.713702105836041,9974.519946575165,0.9362154672549812,173626.31995107234,0.7338807083462892,91155.27993964404,0.8665585062104864,264781.5998369381,22546.71,51458.04,0.9313161083307969,0.8381844974977173,False
SEN,0.6252048786313958,6284.319979660213,0.3190248972165218,118.55999920517206,0.6445859230249662,17321.35998006165,0.6584346119396881,3134.0399819016457,0.8081551143008585,3873.6799886599183,0.68369272195691,10251.599986433985,0.7178249642890147,14125.279975906014,8669.376,1030.52,0.7255330502201719,0.6529797451981547,False
SLB,0.780387914745795,115.11999851465224,0.6313929665140415,3.3599999472498894,0.6195518109752804,18.839999929070476,0.7693549243094273,251.3999973013997,0.93285688808042,4049.399992465973,0.8262672237783821,679.7199957072735,0.917536674977509,4729.119992874563,2491.626,173.234,0.9235403142984178,0.831186282868576,False
SLE,0.6151505479287755,2402.159989744425,0.3225701154110512,68.47999976575375,0.6568197556917907,3575.91999450326,0.6118594278619626,2996.079988665879,0.7543937839204667,772.6799944862723,0.6406341000058419,5063.599993124604,0.6556950347275043,5836.279986202717,2493.19,753.826,0.6712794325096848,0.6041514892587163,False
SLV,0.5528067172931356,1509.5199971944094,0.272756296401602,84.59999959170818,0.5806500650917633,1467.9999985322356,0.5583181285186285,596.1999954134226,0.6981836444091113,67.79999960958958,0.5738860915263946,505.7599988505244,0.5885791908850881,573.5599982738495,672.736,194.804,0.602099181779735,0.5418892636017615,False
SOM,0.6591935627609311,5976.199979387224,0.4785189877203094,114.7999994456768,0.7043738275838377,77637.83992360532,0.7142475340302058,139.15999807417393,0.8266163545791908,20803.47994069755,0.7149083675721779,24296.119967989624,0.76643687054842,45099.59991413355,5129.55,13472.45,0.8262799828767031,0.7436519845890328,False
SPP,0.6060924789207811,61149.1999020204,0.3329888126470032,2442.759993068874,0.6465921207230867,22156.639977686107,0.6049942840208885,17050.999901406467,0.7602370525135469,1523.7599899098277,0.6398212249110479,29130.999970972534,0.6458067495198898,30654.759957887232,16206.362,4732.674,0.6607409201939259,0.5946668281745333,False
SSD,0.6831588673667477,9370.59996073693,0.3603556649829138,18.79999982565641,0.7113545468819887,43172.279944874346,0.6943965274644323,7027.599962234497,0.8556413082495516,51944.959889784455,0.7423619361191603,18102.67993786931,0.8263660861612709,70047.63987968862,0.0,0.0,0.8263660861612709,0.8263660861612709,False
SVK,0.5567016493515312,6800.479988731444,0.3888787354232251,860.4399971291423,0.5858691836710618,1464.1599949896336,0.5788916603160063,432.4799935147166,0.6916371743824289,58.39999916404486,0.6169095663590741,5366.479993112385,0.6177140251189054,5424.879991747439,1159.842,996.926,0.6476504665447126,0.5828854198902413,False
SVN,0.573753299877596,1501.4799957871437,0.3580352933812584,135.11999924480915,0.5962780258662946,698.9599984511733,0.572550616266218,343.7599960193038,0.723241075097892,38.03999952971935,0.6190975554034689,3046.2399979680777,0.6203820105871924,3084.2799973487854,1178.318,154.586,0.6276614297941387,0.5648952868147249,False
SWE,0.6445083005769011,40180.39992237836,0.318945841908,785.3599980250001,0.6322291584701436,1174.439988180995,0.587552377186339,49.79999902099371,0.8642155606151108,57182.479931399226,0.7037665356585711,89866.67997337878,0.7661597731221015,147049.15990694612,19451.8,9663.0,0.7924610036945258,0.7132149033250732,False
SWZ,0.59342078780716,964.919998049736,0.3777147833643346,10.959999963641168,0.6109057125410521,2109.879997096956,0.6001305887956446,178.7199981957674,0.6543043974375059,36.59999940544367,0.6121983550437317,642.5999989360571,0.6144673201779215,679.1999982073903,293.86,85.93,0.6286918901024868,0.5658227010922382,False
SYR,0.5705563027257681,17670.039983302355,0.3381775393332286,569.3599978163838,0.6563138696359113,8311.479990527034,0.554206246809732,895.9999968335032,0.8744841439879647,6251.679994761944,0.6953482201452752,12010.479987189174,0.7566717696373831,18262.15998094529,232.84,4064.341,0.8357150015906045,0.7521435014315441,False
TCD,0.651484281110769,15350.839958816769,0.3901786089009965,82.51999945193529,0.7109918765651925,66938.51993498206,0.6960606342259326,13963.99995367974,0.9434476080447216,142384.03994681686,0.7641675054585415,27097.63997513801,0.9147833437121272,169481.67990272492,4102.936,71459.024,1.0,0.9098904908950618,True
TGO,0.5900037621867444,3413.2799910008907,0.255873516451466,80.75999983400106,0.62085379889191,2646.519995585084,0.6034188256130106,3381.2399904355407,0.773716323133654,820.5199966207147,0.6475414620857709,1405.959996834397,0.6940404186849097,2226.479992635548,1144.648,406.7,0.7127251574763102,0.6414526417286791,False
THA,0.5872642207413719,42163.99991932511,0.3779799103615304,3871.159985460341,0.6141629843980828,1562.919995971024,0.5886548385974246,24454.319916456938,0.8193461983313548,13909.519964896142,0.6481373883049123,21089.599971294403,0.7161800238996234,34999.11993237585,16367.944,7389.456,0.7391710583223571,0.6652539524901214,False
TJK,0.5937062481776788,3225.6799886375666,0.3407413703474031,512.399998255074,0.6799432845372609,10557.319986991584,0.5225377191704438,595.959995418787,0.8853971341257565,12062.519981868563,0.7247625364456217,9448.519981831312,0.8148399129845413,21511.03997248411,306.468,9598.9,0.9022758984148035,0.8120483085733231,False
TKM,0.6226170900443132,7857.839987963438,0.3995826559267874,599.599997729063,0.7264516516409599,84887.51993566751,0.5789825625882138,145.8399981483817,0.8811783869110681,11673.919985495508,0.7367828998134964,16206.239974074066,0.7972438643571822,27880.15995331109,2180.0,4871.3,0.8564076891277645,0.7707669202149882,False
TLS,0.6451449381066597,558.8399973735213,0.3970809622818422,8.439999908208847,0.6414515064531131,499.1199989318848,0.6564315104977563,849.039997652173,0.7532931026211357,170.0399987474084,0.6621393458284187,931.679998718202,0.6762080608740797,1101.7199975773692,1045.992,87.878,0.6814897915754891,0.6133408124179401,False
TUN,0.5779643757013356,10109.279987126589,0.310949491628106,450.3999987244606,0.6149848537579874,5591.319993749261,0.5748930884276792,1627.439989745617,0.9075116148938848,9829.040002204478,0.6917310999578123,9935.159999623897,0.7990420618206637,19764.199993036687,540.57,5138.802,0.8785334075501864,0.7906800667951678,False
TUR,0.6027914362836329,89946.9198898673,0.3166655752009489,2824.2799916937947,0.6605324292403321,38669.8399335742,0.5947783975559661,12467.319936409593,0.7440182287021572,7502.079948969185,0.6547771412042981,48641.75995886326,0.6667017579439073,56143.83988993615,21612.566,16536.56,0.6969108595730819,0.6272197736157736,False
TZA,0.629754830420247,39950.87989442796,0.3630972573197974,307.4399981796741,0.6727680275476864,45425.55992731452,0.6647154990381504,24884.039873346686,0.8490468854295188,31424.799896351997,0.7094063482721028,37832.91992916912,0.772766446653637,69257.71981607378,44722.97,3782.8,0.7788403576645819,0.7009563218981237,False
UGA,0.5767573904988652,8483.999974004924,0.2775963162262896,211.63999946415424,0.6294561825520995,18533.199963644147,0.6016089882486552,9274.31997666508,0.7568824218282663,2364.759988255799,0.6519234687435709,2111.159991070628,0.7073763664625725,4475.919978886843,2005.076,3156.938,0.7534555201179093,0.6781099681061183,False
UKP,0.5444396562660878,26475.799955777824,0.270974670730528,4932.799988865852,0.6212580414937607,44685.79995773733,0.4715582421049475,0.6399999856948853,0.7581184777584993,133.27999920397997,0.5933216662745036,7096.07997340709,0.596359849314832,7229.359972186387,344.0,3451.5253,0.6560157544886469,0.5904141790397822,False
UKR,0.5906187988633996,116968.8398484066,0.3820783683493615,9803.799974963067,0.60932487095908,16520.999951288104,0.5990659350732567,12460.7198985368,0.7697229769046178,1573.519995957613,0.618890113953034,24153.55995680392,0.6281153554633325,25727.079950854182,5090.0,6110.0,0.6643584834440763,0.5979226350996687,False
URY,0.6613962639214176,8251.319983035326,0.3368039137423081,244.1599994823337,0.7001939250022811,29630.119973875582,0.6713216067143254,819.4799879863858,0.7896659045996851,416.1999979019165,0.6897778229022828,2616.839990273118,0.7034846713502331,3033.039988845587,847.32,1481.576,0.7512788499385677,0.6761509649447109,False
USA,0.634441741432838,688492.7589024454,0.2981010766033072,44322.11989741027,0.7103038921596804,585703.5993840918,0.5692518765487519,16790.239758603275,0.9251965458613988,626649.0794612169,0.7015102913032746,750655.519412443,0.8032835560241711,1377304.5989791974,281728.8,169870.6273,0.8346803345526896,0.7512123010974207,False
UZB,0.5752498018853018,17722.199970133603,0.3189701463577241,2898.3999957963824,0.7102732894960507,59961.119957089424,0.5214173933764055,2307.0799788311124,0.8805163356751611,14709.959978446364,0.7224938454987448,14968.279983870683,0.8008173751189941,29678.23996473104,1440.384,14644.662,0.8810310187827348,0.7929279169044614,False
VEN,0.6482927940575841,10449.599941544237,0.3163556895961343,967.8399966806172,0.6900326449869602,61372.1999290064,0.6470206437519189,6552.839962288737,0.9497129063458238,83070.95996418595,0.6894447256722125,22211.719949759543,0.8948035523679757,105282.6799286902,46218.454,19419.592,0.9220842234109208,0.8298758010698287,False
VNM,0.5595929521813635,25934.95996276289,0.3278438134970013,2510.0399930030107,0.584383855364213,1799.4799950569868,0.5543287606022316,10473.879952691495,0.7993737796400429,9935.519970968366,0.6344205788832775,18100.479976557195,0.6928774138772655,28035.999946840107,10960.658,4283.108,0.7129083123838267,0.641617481145444,False
VUT,0.791491333141911,87.95999920368195,0.63852507878319,1.6799999698996544,0.7815653176802648,41.99999985098839,0.8012014359565646,340.8399980813265,0.9338113041336968,1308.799998946488,0.814506004401236,477.399998575449,0.9019244214114072,1786.1999962851403,898.634,115.024,0.912276402146577,0.8210487619319193,False
YEM,0.5745941207955967,3685.3199910447,0.3411048170857973,217.95999908447263,0.6576082049325166,21110.479979410768,0.5578481603243748,592.1199965775013,0.936582087424778,42355.079997725785,0.7155419548404609,27141.239986218512,0.8502566059240717,69496.31997220963,384.3,28796.0,0.9433491442374609,0.8490142298137148,False
ZAF,0.6299171494308339,40052.759921878576,0.2896323053475017,2533.7199922800064,0.6919702096735129,190456.1998779848,0.6053671450784243,3055.799975797534,0.8259383527107367,16294.999960258603,0.7105832982051126,29444.679963313043,0.751679139102985,45739.67991607636,20166.014,2436.844,0.7598714132577341,0.6838842719319607,False
ZMB,0.6644448067571638,17470.11993379891,0.3139445973159735,226.11999889463183,0.6974230919644326,33439.03993477672,0.6779847470973555,16145.959898151455,0.8467178242637177,49338.15988423675,0.7183305265666174,38035.559922881424,0.790828218556814,87373.71983041614,45208.602,5237.086,0.7991244348558993,0.7192119913703094,False
ZWE,0.6421797617129176,22959.67995858937,0.2672475810097372,182.71999955922365,0.6667655583571283,19068.75996299833,0.6558428479133221,7016.5599448010325,0.7654174850202311,13138.519935421646,0.6707610392179847,20807.719966880977,0.707396778700852,33946.23988676071,13652.318,8533.1221,0.7356935483289337,0.6621241934960403,False
